{
    "input_dict": {
        "progname": "Ex9",
        "candidate": "(x1 || !x2) && (!x1 || x2)",
        "init_states": "(x1 || !x2) && (!x1 || x2) && (x3 || !x4) && (!x3 || x4)",
        "iterations": 1
    },
    "output_dict": {
        "Reachability_dict": {
            "30": 561,
            "18": 949,
            "28": 1042,
            "16": 602,
            "12": 506,
            "26": 890,
            "24": 1450
        },
        "DistEstimate_value": 0.3428333333333333,
        "counterexamples": {
            "18": 0.15816666666666668,
            "16": 0.10033333333333333,
            "12": 0.08433333333333333
        }
    }
}