{
    "input_dict": {
        "progname": "Ex9",
        "candidate": "(x1 || !x2) && (!x1 || x2)",
        "init_states": "(x1 || !x2) && (!x1 || x2) && (x3 || !x4) && (!x3 || x4)",
        "iterations": 1
    },
    "output_dict": {
        "Reachability_dict": {
            "28": 919,
            "16": 571,
            "26": 926,
            "12": 514,
            "18": 958,
            "30": 582,
            "24": 1530
        },
        "DistEstimate_value": 0.3405,
        "counterexamples": {
            "16": 0.09516666666666666,
            "12": 0.08566666666666667,
            "18": 0.15966666666666668
        }
    }
}