{
    "input_dict": {
        "progname": "Ex9",
        "candidate": "(x1 || !x2) && (!x1 || x2)",
        "init_states": "(x1 || !x2) && (!x1 || x2) && (x3 || !x4) && (!x3 || x4)",
        "iterations": 1
    },
    "parameters_dict": {
        "epsilon": 0.05,
        "delta": 0.1,
        "m1": 600,
        "m2": 10
    },
    "output_dict": {
        "Reachability_dict": {
            "30": 630,
            "18": 1080,
            "16": 528,
            "28": 911,
            "12": 505,
            "26": 896,
            "24": 1450
        },
        "DistEstimate_value": 0.35216666666666663,
        "counterexamples": {
            "18": 0.18,
            "16": 0.088,
            "12": 0.08416666666666667
        }
    }
}