{
    "input_dict": {
        "progname": "Ex9",
        "candidate": "(x1 || !x2) && (!x1 || x2)",
        "init_states": "(x1 || !x2) && (!x1 || x2) && (x3 || !x4) && (!x3 || x4)",
        "iterations": 1
    },
    "parameters_dict": {
        "epsilon": 0.05,
        "delta": 0.1,
        "m1": 600,
        "m2": 10
    },
    "output_dict": {
        "Reachability_dict": {
            "12": 466,
            "26": 856,
            "16": 600,
            "28": 1008,
            "24": 1600,
            "30": 533,
            "18": 937
        },
        "DistEstimate_value": 0.3338333333333333,
        "counterexamples": {
            "12": 0.07766666666666666,
            "16": 0.1,
            "18": 0.15616666666666668
        }
    }
}