{
    "input_dict": {
        "progname": "Ex9",
        "candidate": "(x1 || !x2) && (!x1 || x2)",
        "init_states": "(x1 || !x2) && (!x1 || x2) && (x3 || !x4) && (!x3 || x4)",
        "iterations": 1
    },
    "output_dict": {
        "Reachability_dict": {
            "24": 1460,
            "12": 571,
            "28": 971,
            "26": 1018,
            "30": 518,
            "18": 922,
            "16": 540
        },
        "DistEstimate_value": 0.3388333333333333,
        "counterexamples": {
            "12": 0.09516666666666666,
            "18": 0.15366666666666667,
            "16": 0.09
        }
    }
}