{
    "input_dict": {
        "progname": "Ex9",
        "candidate": "(x1 || !x2) && (!x1 || x2)",
        "init_states": "(x1 || !x2) && (!x1 || x2) && (x3 || !x4) && (!x3 || x4)",
        "iterations": 1
    },
    "parameters_dict": {
        "epsilon": 0.05,
        "delta": 0.1,
        "m1": 600,
        "m2": 10
    },
    "output_dict": {
        "Reachability_dict": {
            "18": 893,
            "30": 557,
            "16": 628,
            "28": 1037,
            "24": 1440,
            "12": 525,
            "26": 920
        },
        "DistEstimate_value": 0.34099999999999997,
        "counterexamples": {
            "18": 0.14883333333333335,
            "16": 0.10466666666666667,
            "12": 0.0875
        }
    }
}