{
    "input_dict": {
        "progname": "Ex9",
        "candidate": "(x1 || !x2) && (!x1 || x2)",
        "init_states": "(x1 || !x2) && (!x1 || x2) && (x3 || !x4) && (!x3 || x4)",
        "iterations": 1
    },
    "parameters_dict": {
        "epsilon": 0.05,
        "delta": 0.1,
        "m1": 600,
        "m2": 10
    },
    "output_dict": {
        "Reachability_dict": {
            "24": 1520,
            "18": 925,
            "30": 555,
            "16": 557,
            "28": 1053,
            "26": 874,
            "12": 516
        },
        "DistEstimate_value": 0.33299999999999996,
        "counterexamples": {
            "18": 0.15416666666666667,
            "16": 0.09283333333333334,
            "12": 0.086
        }
    }
}