{
    "input_dict": {
        "progname": "Ex9",
        "candidate": "(x1 || !x2) && (!x1 || x2)",
        "init_states": "(x1 || !x2) && (!x1 || x2) && (x3 || !x4) && (!x3 || x4)",
        "iterations": 1
    },
    "parameters_dict": {
        "epsilon": 0.05,
        "delta": 0.1,
        "m1": 600,
        "m2": 10
    },
    "output_dict": {
        "Reachability_dict": {
            "24": 1560,
            "30": 579,
            "18": 911,
            "26": 931,
            "12": 468,
            "28": 956,
            "16": 595
        },
        "DistEstimate_value": 0.32899999999999996,
        "counterexamples": {
            "18": 0.15183333333333332,
            "12": 0.078,
            "16": 0.09916666666666667
        }
    }
}