{
    "input_dict": {
        "progname": "Ex10",
        "candidate": "(x7 || !x9) && (!x7 || x9)",
        "init_states": "(x7 || !x9) && (!x7 || x9) && (x12 || !x16) && (!x12 || x16)",
        "iterations": 1
    },
    "parameters_dict": {
        "epsilon": 0.05,
        "delta": 0.1,
        "m1": 600,
        "m2": 10
    },
    "output_dict": {
        "Reachability_dict": {
            "28": 1106,
            "16": 627,
            "26": 946,
            "12": 491,
            "24": 1470,
            "30": 519,
            "18": 841
        },
        "DistEstimate_value": 0.3265,
        "counterexamples": {
            "16": 0.1045,
            "12": 0.08183333333333333,
            "18": 0.14016666666666666
        }
    }
}